Date,Time,Latitude,Longitude,Altitude,Speed
12/04/2022,07:20:20,-33.89134,18.95951,235.9,1.09
12/04/2022,07:20:22,-33.89134,18.95952,235.9,1.09
12/04/2022,07:20:24,-33.89134,18.95952,235.9,0.41
12/04/2022,07:20:25,-33.89134,18.95952,235.9,0.33
12/04/2022,07:20:27,-33.89134,18.95952,235.9,0.31
12/04/2022,07:20:28,-33.89134,18.95952,235.9,0.28
12/04/2022,07:20:30,-33.89134,18.95952,235.9,0.22
12/04/2022,07:20:31,-33.89134,18.95952,235.9,0.3
12/04/2022,07:20:32,-33.89134,18.95952,235.9,0.28
12/04/2022,07:20:34,-33.89134,18.95952,235.9,1.28
12/04/2022,07:20:36,-33.89136,18.9595,235.9,2.41
12/04/2022,07:20:38,-33.89137,18.95948,235.9,2.5
12/04/2022,07:20:39,-33.89138,18.95948,235.9,2.56
12/04/2022,07:20:40,-33.89139,18.95947,235.9,2.65
12/04/2022,07:20:42,-33.89141,18.95945,236.1,3.33
12/04/2022,07:20:43,-33.89141,18.95944,236.2,4.13
12/04/2022,07:20:45,-33.89146,18.95938,236.9,12.93
12/04/2022,07:20:47,-33.89155,18.95932,237.8,17.61
12/04/2022,07:20:49,-33.89165,18.95927,238.5,22.71
12/04/2022,07:20:51,-33.89179,18.95922,239,28.24
12/04/2022,07:20:53,-33.89194,18.95918,239,30.52
12/04/2022,07:20:54,-33.89202,18.95916,239.3,30.65
12/04/2022,07:20:55,-33.8921,18.95914,239.6,29.98
12/04/2022,07:20:57,-33.89224,18.95911,240,27.06
12/04/2022,07:20:59,-33.89239,18.95907,240,29.34
12/04/2022,07:21:00,-33.89247,18.95905,240,29.97
12/04/2022,07:21:01,-33.89254,18.95903,239.6,31.67
12/04/2022,07:21:02,-33.89263,18.95901,238.9,34.98
12/04/2022,07:21:03,-33.89273,18.95899,238,36.76
12/04/2022,07:21:05,-33.89292,18.95894,236.8,38.35
12/04/2022,07:21:06,-33.89301,18.95892,236.2,39.3
12/04/2022,07:21:08,-33.89321,18.95887,235.4,41.11
12/04/2022,07:21:10,-33.89341,18.95882,235.5,38.71
12/04/2022,07:21:11,-33.89351,18.9588,236.2,38.23
12/04/2022,07:21:12,-33.8936,18.95877,237.2,37.89
12/04/2022,07:21:14,-33.89379,18.95872,239.8,37.35
12/04/2022,07:21:16,-33.89397,18.95867,242.2,36.93
12/04/2022,07:21:18,-33.89416,18.95863,244.7,37.15
12/04/2022,07:21:19,-33.89426,18.95861,245.7,35.65
12/04/2022,07:21:21,-33.89442,18.95857,246.8,33.11
12/04/2022,07:21:22,-33.8945,18.95855,247.1,31.71
12/04/2022,07:21:23,-33.89457,18.95853,247.3,29.3
12/04/2022,07:21:24,-33.89464,18.95852,247.5,29.3
12/04/2022,07:21:25,-33.89471,18.9585,247.8,28.89
12/04/2022,07:21:26,-33.89478,18.95849,247.6,29.26
12/04/2022,07:21:27,-33.89485,18.95847,247.6,29.82
12/04/2022,07:21:29,-33.895,18.95843,247.6,30.5
12/04/2022,07:21:31,-33.89514,18.95838,247.7,29.35
12/04/2022,07:21:33,-33.89527,18.95833,248.1,29.09
12/04/2022,07:21:35,-33.89541,18.95826,248,30.11
12/04/2022,07:21:36,-33.89548,18.95823,248.1,31.93
12/04/2022,07:21:37,-33.89556,18.95818,248.8,32.56
12/04/2022,07:21:39,-33.8957,18.95808,251.2,32.69
12/04/2022,07:21:40,-33.89577,18.95803,252.2,32.69
12/04/2022,07:21:42,-33.89591,18.95792,252.4,33.45
12/04/2022,07:21:43,-33.89599,18.95786,252.3,34.35
12/04/2022,07:21:45,-33.89614,18.95774,252.3,35.54
12/04/2022,07:21:46,-33.89622,18.95768,252.7,35.43
12/04/2022,07:21:47,-33.89629,18.95762,253.1,34.93
12/04/2022,07:21:48,-33.89636,18.95756,253.6,34.24
12/04/2022,07:21:49,-33.89643,18.95751,253.8,33.67
12/04/2022,07:21:51,-33.89657,18.95742,254.1,30.43
12/04/2022,07:21:52,-33.89664,18.95739,254.2,28.45
12/04/2022,07:21:54,-33.89678,18.95733,254.7,28.45
12/04/2022,07:21:55,-33.89685,18.9573,254.9,27.13
12/04/2022,07:21:57,-33.89696,18.95727,254.9,21.72
12/04/2022,07:21:59,-33.89705,18.95725,255.2,17
12/04/2022,07:22:00,-33.89708,18.95725,255.3,14
12/04/2022,07:22:01,-33.89711,18.95724,255.5,12.15
12/04/2022,07:22:03,-33.89717,18.95722,255.8,14.06
12/04/2022,07:22:04,-33.89721,18.95722,256,15
12/04/2022,07:22:05,-33.89724,18.95721,256.1,16.11
12/04/2022,07:22:07,-33.89733,18.95719,256.1,18.63
12/04/2022,07:22:09,-33.89744,18.95716,256.1,22.39
12/04/2022,07:22:10,-33.8975,18.95715,256,24.54
12/04/2022,07:22:11,-33.89757,18.95714,255.9,25.3
12/04/2022,07:22:13,-33.89768,18.95711,255.7,22.48
12/04/2022,07:22:15,-33.89778,18.95709,255.5,19.43
12/04/2022,07:22:16,-33.89783,18.95709,255.9,20.3
12/04/2022,07:22:17,-33.89789,18.95708,256.3,21.32
12/04/2022,07:22:19,-33.898,18.95706,257,22.3
12/04/2022,07:22:21,-33.89812,18.95703,258.2,24.67
12/04/2022,07:22:23,-33.89824,18.95701,259.7,25.21
12/04/2022,07:22:25,-33.89838,18.95698,261.2,27.63
12/04/2022,07:22:27,-33.89851,18.95695,261.6,25.56
12/04/2022,07:22:28,-33.89858,18.95694,261.9,24.63
12/04/2022,07:22:29,-33.89863,18.95694,262,23.41
12/04/2022,07:22:30,-33.89869,18.95694,262,20.71
12/04/2022,07:22:31,-33.89873,18.95693,262,15.54
12/04/2022,07:22:33,-33.89878,18.95692,262,6.74
12/04/2022,07:22:34,-33.89879,18.95692,262,0.31
12/04/2022,07:22:36,-33.89879,18.95692,262,0.09
12/04/2022,07:22:37,-33.89879,18.95692,262,0.06
12/04/2022,07:22:38,-33.89879,18.95692,262,0.02
12/04/2022,07:22:40,-33.89879,18.95692,262,0.02
12/04/2022,07:22:42,-33.8988,18.95692,262,0.04
12/04/2022,07:22:43,-33.8988,18.95692,262,0.02
12/04/2022,07:22:44,-33.8988,18.95692,262,0.02
12/04/2022,07:22:46,-33.8988,18.95692,262,0.02
12/04/2022,07:22:48,-33.8988,18.95692,262,0.02
12/04/2022,07:22:49,-33.8988,18.95692,262,0
12/04/2022,07:22:51,-33.8988,18.95692,262,0.02
12/04/2022,07:22:52,-33.8988,18.95692,262,0.02
12/04/2022,07:22:53,-33.8988,18.95692,262,0.02
12/04/2022,07:22:55,-33.8988,18.95692,262,0.02
12/04/2022,07:22:57,-33.8988,18.95692,262,0.02
12/04/2022,07:22:58,-33.8988,18.95692,262,0.02
12/04/2022,07:22:59,-33.8988,18.95692,262,0.24
12/04/2022,07:23:00,-33.8988,18.95692,262,0.13
12/04/2022,07:23:01,-33.8988,18.95692,262,0.26
12/04/2022,07:23:03,-33.8988,18.95692,262,0.04
12/04/2022,07:23:05,-33.89879,18.95692,262,0.19
12/04/2022,07:23:07,-33.89879,18.95692,262,0.26
12/04/2022,07:23:09,-33.89879,18.95692,262,0.43
12/04/2022,07:23:10,-33.89879,18.95692,262,0.41
12/04/2022,07:23:11,-33.89879,18.95692,262,0.5
12/04/2022,07:23:12,-33.89879,18.95692,262,0.52
12/04/2022,07:23:13,-33.89879,18.95692,262,0.63
12/04/2022,07:23:15,-33.89879,18.95691,262,0.56
12/04/2022,07:23:16,-33.89879,18.95691,262,0.5
12/04/2022,07:23:18,-33.89878,18.95691,262,0.57
12/04/2022,07:23:20,-33.89878,18.95691,262,0.48
12/04/2022,07:23:21,-33.89878,18.95691,262,0.48
12/04/2022,07:23:22,-33.89878,18.95691,262,0.41
12/04/2022,07:23:24,-33.89878,18.95691,262,0.37
12/04/2022,07:23:25,-33.89878,18.95691,262,0.33
12/04/2022,07:23:26,-33.89878,18.95691,262,0.46
12/04/2022,07:23:28,-33.89878,18.95691,262,0.28
12/04/2022,07:23:30,-33.89877,18.95691,261.9,0.24
12/04/2022,07:23:31,-33.89877,18.95691,261.9,0.2
12/04/2022,07:23:33,-33.89877,18.95691,261.9,0.15
12/04/2022,07:23:34,-33.89877,18.95691,261.9,0.17
12/04/2022,07:23:36,-33.89877,18.95691,261.9,0.31
12/04/2022,07:23:37,-33.89877,18.95691,261.9,0.35
12/04/2022,07:23:39,-33.89878,18.95691,262,0.59
12/04/2022,07:23:41,-33.89878,18.95691,262,0.39
12/04/2022,07:23:43,-33.89878,18.95691,262,0.2
12/04/2022,07:23:45,-33.89878,18.95691,262,0.19
12/04/2022,07:23:46,-33.89878,18.95691,262,0.26
12/04/2022,07:23:47,-33.89878,18.95691,262,0.33
12/04/2022,07:23:48,-33.89878,18.95691,262,0.37
12/04/2022,07:23:49,-33.89878,18.95691,262,0.28
12/04/2022,07:23:51,-33.89878,18.95692,262,0.13
12/04/2022,07:23:52,-33.89878,18.95691,262,0.11
12/04/2022,07:23:53,-33.89878,18.95691,262,0.17
12/04/2022,07:23:54,-33.89878,18.95691,262,0.06
12/04/2022,07:23:55,-33.89878,18.95691,262,0.43
12/04/2022,07:23:56,-33.89878,18.95691,262,1.43
12/04/2022,07:23:57,-33.89879,18.95691,262,3.37
12/04/2022,07:23:58,-33.89879,18.95691,262,6.17
12/04/2022,07:24:00,-33.89888,18.95688,262,18.87
12/04/2022,07:24:02,-33.89899,18.95685,262.2,25.65
12/04/2022,07:24:03,-33.89907,18.95684,262.5,29.54
12/04/2022,07:24:04,-33.89915,18.95681,262.9,34.61
12/04/2022,07:24:06,-33.89934,18.95674,263.5,41.67
12/04/2022,07:24:07,-33.89945,18.9567,263.7,43.08
12/04/2022,07:24:08,-33.89955,18.95666,262.9,45.91
12/04/2022,07:24:10,-33.89979,18.95654,259.7,51.13
12/04/2022,07:24:11,-33.89991,18.95647,258.3,53.65
12/04/2022,07:24:13,-33.90017,18.95631,258,59.41
12/04/2022,07:24:15,-33.90044,18.9561,258,62.91
12/04/2022,07:24:16,-33.90056,18.95598,259.4,62.89
12/04/2022,07:24:17,-33.90069,18.95587,261,62.32
12/04/2022,07:24:19,-33.90092,18.95564,263.7,57.43
12/04/2022,07:24:21,-33.90112,18.95543,264.2,50.73
12/04/2022,07:24:23,-33.9013,18.95526,264.2,44.34
12/04/2022,07:24:25,-33.90147,18.9551,265.2,41.71
12/04/2022,07:24:26,-33.90155,18.95503,265.5,37.69
12/04/2022,07:24:27,-33.90161,18.95497,265.6,32.02
12/04/2022,07:24:28,-33.90167,18.95493,265.5,26.02
12/04/2022,07:24:30,-33.90173,18.95488,265.5,10.93
12/04/2022,07:24:31,-33.90174,18.95487,265.5,6.32
12/04/2022,07:24:33,-33.90174,18.95487,265.5,0.17
12/04/2022,07:24:34,-33.90174,18.95487,265.5,0.09
12/04/2022,07:24:35,-33.90174,18.95487,265.5,0.04
12/04/2022,07:24:37,-33.90174,18.95487,265.5,0.13
12/04/2022,07:24:38,-33.90174,18.95487,265.5,0.52
12/04/2022,07:24:39,-33.90175,18.95485,265.6,8.3
12/04/2022,07:24:40,-33.90177,18.95483,265.7,11.04
12/04/2022,07:24:41,-33.9018,18.9548,265.8,15.59
12/04/2022,07:24:42,-33.90184,18.95476,266,19.78
12/04/2022,07:24:44,-33.90192,18.95467,266.5,23.95
12/04/2022,07:24:46,-33.90205,18.95456,267,32.1
12/04/2022,07:24:47,-33.90212,18.9545,267.5,35.89
12/04/2022,07:24:48,-33.90221,18.95442,268.3,39.73
12/04/2022,07:24:49,-33.90229,18.95434,269.1,41.8
12/04/2022,07:24:51,-33.90247,18.95419,270.7,44.19
12/04/2022,07:24:52,-33.90257,18.95411,271.3,45.08
12/04/2022,07:24:53,-33.90266,18.95403,271.8,46.1
12/04/2022,07:24:54,-33.90277,18.95395,272.5,45.6
12/04/2022,07:24:56,-33.90295,18.95379,273.2,44.56
12/04/2022,07:24:58,-33.90314,18.95363,273.9,44.47
12/04/2022,07:24:59,-33.90324,18.95355,273.7,44.52
12/04/2022,07:25:00,-33.90332,18.95347,273.7,43.71
12/04/2022,07:25:01,-33.90341,18.9534,274.3,41.1
12/04/2022,07:25:02,-33.90349,18.95334,274.9,37
12/04/2022,07:25:04,-33.90361,18.95323,276.5,26.56
12/04/2022,07:25:05,-33.90366,18.95319,277,22.22
12/04/2022,07:25:07,-33.90375,18.95312,277.7,20.52
12/04/2022,07:25:09,-33.90385,18.95304,278.3,23.74
12/04/2022,07:25:10,-33.90389,18.953,278.6,25.87
12/04/2022,07:25:12,-33.90401,18.95291,278.9,30.54
12/04/2022,07:25:13,-33.90407,18.95285,279.1,31.65
12/04/2022,07:25:15,-33.9042,18.95274,278.7,30.76
12/04/2022,07:25:17,-33.90432,18.95264,278.1,29.59
12/04/2022,07:25:19,-33.90446,18.95253,278.2,34.71
12/04/2022,07:25:21,-33.90461,18.9524,278.2,38.84
12/04/2022,07:25:22,-33.90469,18.95233,278,40.26
12/04/2022,07:25:23,-33.90478,18.95225,277.2,41.23
12/04/2022,07:25:25,-33.90495,18.9521,274.8,42.56
12/04/2022,07:25:26,-33.90504,18.95202,274.4,44
12/04/2022,07:25:27,-33.90513,18.95193,274.8,45.63
12/04/2022,07:25:29,-33.90534,18.95176,276.2,49.34
12/04/2022,07:25:30,-33.90544,18.95167,277.9,50.84
12/04/2022,07:25:31,-33.90556,18.95159,279.9,52.08
12/04/2022,07:25:33,-33.90579,18.95142,284.2,50.17
12/04/2022,07:25:34,-33.90591,18.95135,284.6,48.89
12/04/2022,07:25:35,-33.90602,18.95129,283.8,48.89
12/04/2022,07:25:36,-33.90613,18.95122,283.2,48.78
12/04/2022,07:25:38,-33.90636,18.95109,284.2,48.91
12/04/2022,07:25:40,-33.90658,18.95095,287.2,48.82
12/04/2022,07:25:41,-33.90668,18.95087,288.7,48.13
12/04/2022,07:25:42,-33.90679,18.95079,289.6,48.15
12/04/2022,07:25:43,-33.90689,18.95071,290.8,48.19
12/04/2022,07:25:44,-33.90699,18.95061,291.7,48.99
12/04/2022,07:25:45,-33.90709,18.95051,292.3,49.06
12/04/2022,07:25:47,-33.90728,18.95031,293.8,50.13
12/04/2022,07:25:49,-33.90747,18.95011,291.4,50.45
12/04/2022,07:25:51,-33.90767,18.9499,287.6,52.17
12/04/2022,07:25:52,-33.90777,18.94979,286.9,52.19
12/04/2022,07:25:53,-33.90788,18.94968,286.1,52.62
12/04/2022,07:25:55,-33.90808,18.94947,285.9,53.63
12/04/2022,07:25:57,-33.90829,18.94925,285.1,54.65
12/04/2022,07:25:59,-33.90849,18.94903,283,54.54
12/04/2022,07:26:01,-33.90869,18.94881,280.4,53.99
12/04/2022,07:26:03,-33.90888,18.9486,280.5,53.28
12/04/2022,07:26:04,-33.90899,18.94849,280,53.75
12/04/2022,07:26:05,-33.90909,18.94837,280,53.25
12/04/2022,07:26:07,-33.90928,18.94816,281.2,52.56
12/04/2022,07:26:08,-33.90938,18.94806,282.4,53.54
12/04/2022,07:26:10,-33.90959,18.94785,285.1,53.15
12/04/2022,07:26:12,-33.9098,18.94763,285,57.13
12/04/2022,07:26:13,-33.90991,18.94751,284.9,55.73
12/04/2022,07:26:15,-33.91011,18.94723,284.9,63.06
12/04/2022,07:26:16,-33.91021,18.94708,285.3,64.28
12/04/2022,07:26:18,-33.91038,18.94675,283.5,65.28
12/04/2022,07:26:19,-33.91045,18.94659,283,61.62
12/04/2022,07:26:20,-33.91052,18.94642,283.5,61.6
12/04/2022,07:26:21,-33.91059,18.94626,284.1,62.1
12/04/2022,07:26:23,-33.91072,18.94594,282.2,58.58
12/04/2022,07:26:24,-33.91078,18.94578,280,57.47
12/04/2022,07:26:25,-33.91085,18.94564,278.3,55.87
12/04/2022,07:26:27,-33.91097,18.94534,277.1,53.52
12/04/2022,07:26:28,-33.91102,18.9452,276.7,52.56
12/04/2022,07:26:29,-33.91108,18.94506,275.7,52.36
12/04/2022,07:26:31,-33.9112,18.94475,275.2,51.95
12/04/2022,07:26:33,-33.91133,18.94444,272.8,59.76
12/04/2022,07:26:34,-33.91139,18.94427,272,58.58
12/04/2022,07:26:35,-33.91144,18.94412,271.6,59.65
12/04/2022,07:26:37,-33.91154,18.94384,270.4,47.47
12/04/2022,07:26:39,-33.91162,18.9436,269.2,41.98
12/04/2022,07:26:41,-33.91169,18.94338,268.8,37.74
12/04/2022,07:26:42,-33.91172,18.94327,268.6,35.91
12/04/2022,07:26:44,-33.91178,18.94308,267.7,33.48
12/04/2022,07:26:45,-33.91181,18.94299,268.1,32.24
12/04/2022,07:26:46,-33.91184,18.9429,268.6,32.67
12/04/2022,07:26:47,-33.91186,18.9428,269.1,34.26
12/04/2022,07:26:48,-33.9119,18.94271,269.6,35.41
12/04/2022,07:26:49,-33.91193,18.9426,270.7,36.89
12/04/2022,07:26:50,-33.91196,18.94249,272,39.24
12/04/2022,07:26:51,-33.91199,18.94238,272.6,41.48
12/04/2022,07:26:53,-33.91207,18.94214,273.6,43.02
12/04/2022,07:26:54,-33.91211,18.94202,273.8,42.73
12/04/2022,07:26:55,-33.91216,18.94191,273.9,39.97
12/04/2022,07:26:57,-33.91223,18.94173,274.6,27.58
12/04/2022,07:26:59,-33.91231,18.94163,275.9,20.41
12/04/2022,07:27:01,-33.91239,18.94165,276.4,18.11
12/04/2022,07:27:02,-33.91243,18.94168,276.4,22.06
12/04/2022,07:27:03,-33.91247,18.94174,276,24.45
12/04/2022,07:27:05,-33.91255,18.9419,274.7,31.54
12/04/2022,07:27:07,-33.9126,18.94211,273.2,37.56
12/04/2022,07:27:09,-33.91262,18.94239,272.2,47.13
12/04/2022,07:27:10,-33.9126,18.94257,271.7,51.28
12/04/2022,07:27:11,-33.91258,18.94273,271.2,52.65
12/04/2022,07:27:12,-33.91255,18.9429,270.9,56.08
12/04/2022,07:27:13,-33.9125,18.94308,271.1,58.78
12/04/2022,07:27:15,-33.91244,18.94344,271.5,62.26
12/04/2022,07:27:17,-33.9124,18.94384,270.2,64.04
12/04/2022,07:27:18,-33.91239,18.94404,270.5,66.01
12/04/2022,07:27:19,-33.91237,18.94425,271.3,66.69
12/04/2022,07:27:20,-33.91235,18.94446,271.9,68.6
12/04/2022,07:27:21,-33.91234,18.94468,270.7,69.97
12/04/2022,07:27:23,-33.9123,18.94511,267,68.54
12/04/2022,07:27:25,-33.91229,18.94552,266.5,64.95
12/04/2022,07:27:27,-33.91231,18.94591,265.8,60.26
12/04/2022,07:27:29,-33.91243,18.94627,267.1,62.54
12/04/2022,07:27:31,-33.9126,18.94661,268.8,62.56
12/04/2022,07:27:32,-33.91269,18.94677,268.7,62.67
12/04/2022,07:27:33,-33.91279,18.94691,268.4,61.97
12/04/2022,07:27:35,-33.91302,18.94719,268.8,59.39
12/04/2022,07:27:36,-33.91313,18.94731,269.2,55.23
12/04/2022,07:27:38,-33.91331,18.94752,269.6,45.36
12/04/2022,07:27:39,-33.91339,18.94761,269.9,40.45
12/04/2022,07:27:40,-33.91344,18.94768,270,31.87
12/04/2022,07:27:42,-33.91354,18.94782,270.1,30
12/04/2022,07:27:44,-33.91367,18.94792,270.9,27.45
12/04/2022,07:27:46,-33.91382,18.94795,271.9,28.34
12/04/2022,07:27:48,-33.91395,18.94801,272.4,26.32
12/04/2022,07:27:50,-33.91404,18.94805,272.6,19.17
12/04/2022,07:27:52,-33.91408,18.94807,272.6,8.91
12/04/2022,07:27:53,-33.91409,18.94808,272.6,5.04
12/04/2022,07:27:54,-33.91409,18.94808,272.6,0.22
12/04/2022,07:27:55,-33.91409,18.94808,272.6,0.15
12/04/2022,07:27:57,-33.91409,18.94807,272.7,0.06
12/04/2022,07:27:58,-33.91409,18.94807,272.7,0.02
12/04/2022,07:28:00,-33.9141,18.94807,272.7,0.13
12/04/2022,07:28:01,-33.9141,18.94807,272.7,0.04
12/04/2022,07:28:03,-33.9141,18.94806,272.7,0
12/04/2022,07:28:05,-33.9141,18.94806,272.7,0
12/04/2022,07:28:06,-33.9141,18.94806,272.7,0.13
12/04/2022,07:28:07,-33.9141,18.94806,272.7,1.57
12/04/2022,07:28:09,-33.9141,18.94805,272.8,0.41
12/04/2022,07:28:11,-33.9141,18.94805,272.8,4.19
12/04/2022,07:28:12,-33.91412,18.94806,272.8,7.32
12/04/2022,07:28:13,-33.91414,18.94806,272.9,9.85
12/04/2022,07:28:15,-33.91422,18.94811,273,17
12/04/2022,07:28:16,-33.91426,18.94813,273.2,18.13
12/04/2022,07:28:18,-33.91436,18.9482,273.5,24.39
12/04/2022,07:28:20,-33.91452,18.94829,274,32.06
12/04/2022,07:28:22,-33.91468,18.94839,274,34.28
12/04/2022,07:28:23,-33.91475,18.94843,274.1,31.54
12/04/2022,07:28:24,-33.91481,18.94847,274.3,26.98
12/04/2022,07:28:26,-33.9149,18.94852,274.6,17.19
12/04/2022,07:28:27,-33.91494,18.94854,274.8,15.69
12/04/2022,07:28:28,-33.91498,18.94856,274.9,15.63
12/04/2022,07:28:30,-33.91505,18.94861,275,18.32
12/04/2022,07:28:32,-33.91516,18.94867,275,22.41
12/04/2022,07:28:33,-33.91522,18.94871,275,25.04
12/04/2022,07:28:34,-33.91528,18.94875,275,27.11
12/04/2022,07:28:35,-33.91535,18.9488,275.2,30.28
12/04/2022,07:28:36,-33.91544,18.94885,275.5,33.5
12/04/2022,07:28:37,-33.91553,18.94891,276,36.84
12/04/2022,07:28:39,-33.91573,18.94903,276.5,42.73
12/04/2022,07:28:41,-33.91595,18.94917,276.6,47.63
12/04/2022,07:28:43,-33.91621,18.94932,275.7,53.86
12/04/2022,07:28:44,-33.91633,18.9494,275.7,55.37
12/04/2022,07:28:45,-33.91646,18.94948,275.9,56.71
12/04/2022,07:28:47,-33.91672,18.94964,277,56.04
12/04/2022,07:28:49,-33.91695,18.94979,279.5,51.8
12/04/2022,07:28:50,-33.91706,18.94986,280,49.1
12/04/2022,07:28:51,-33.91715,18.94991,280.4,43.36
12/04/2022,07:28:52,-33.91723,18.94996,280.7,38.35
12/04/2022,07:28:54,-33.91732,18.95002,281,22.45
12/04/2022,07:28:55,-33.91735,18.95005,281.1,18.09
12/04/2022,07:28:57,-33.91743,18.95009,281.2,18.32
12/04/2022,07:28:58,-33.91748,18.95012,281.4,20.15
12/04/2022,07:28:59,-33.91753,18.95015,281.9,21.8
12/04/2022,07:29:00,-33.91759,18.95018,282.6,23.76
12/04/2022,07:29:02,-33.91772,18.95026,284.3,32.1
12/04/2022,07:29:04,-33.91788,18.95037,285.4,36.61
12/04/2022,07:29:05,-33.91796,18.95042,285.7,37.21
12/04/2022,07:29:06,-33.91803,18.95047,285.9,36.84
12/04/2022,07:29:08,-33.91817,18.95056,286,32.69
12/04/2022,07:29:09,-33.91823,18.9506,286.1,29.95
12/04/2022,07:29:10,-33.91828,18.95063,286.2,26.34
12/04/2022,07:29:11,-33.91833,18.95066,286.4,22.76
12/04/2022,07:29:12,-33.91837,18.95069,286.4,20.06
12/04/2022,07:29:14,-33.91844,18.95073,286.4,17.89
12/04/2022,07:29:15,-33.91847,18.95075,286.4,15.26
12/04/2022,07:29:17,-33.91853,18.95078,286.2,11.87
12/04/2022,07:29:18,-33.91856,18.9508,286.2,10.67
12/04/2022,07:29:19,-33.91857,18.95081,286.1,10.63
12/04/2022,07:29:21,-33.9186,18.95087,286,11.52
12/04/2022,07:29:23,-33.91859,18.95095,286,13.65
12/04/2022,07:29:25,-33.91854,18.95104,286.1,18.72
12/04/2022,07:29:27,-33.91847,18.95116,285.8,23.09
12/04/2022,07:29:28,-33.91845,18.95122,285.6,22.5
12/04/2022,07:29:29,-33.91842,18.95128,285.4,22.48
12/04/2022,07:29:30,-33.91839,18.95133,285.2,21.02
12/04/2022,07:29:32,-33.91834,18.95143,284.9,17.93
12/04/2022,07:29:33,-33.91832,18.95148,284.6,17.45
12/04/2022,07:29:35,-33.91827,18.95157,284.3,16.48
12/04/2022,07:29:36,-33.91824,18.95161,284.1,15.33
12/04/2022,07:29:37,-33.91822,18.95165,284,14.5
12/04/2022,07:29:39,-33.91819,18.95172,283.7,12.15
12/04/2022,07:29:40,-33.91817,18.95174,283.6,10.02
12/04/2022,07:29:41,-33.91816,18.95176,283.5,8.19
12/04/2022,07:29:42,-33.91815,18.95178,283.5,6.13
12/04/2022,07:29:43,-33.91814,18.95179,283.4,6.06
12/04/2022,07:29:45,-33.91812,18.95183,283.3,7.69
12/04/2022,07:29:46,-33.91811,18.95186,283.2,9.98
12/04/2022,07:29:48,-33.91808,18.95192,283,11.74
12/04/2022,07:29:49,-33.91806,18.95195,283,11
12/04/2022,07:29:50,-33.91805,18.95197,283,9.17
12/04/2022,07:29:51,-33.91804,18.95198,282.9,7
12/04/2022,07:29:53,-33.91803,18.95199,282.9,3.2
12/04/2022,07:29:54,-33.91803,18.95199,282.9,2.7
12/04/2022,07:29:55,-33.91803,18.95199,282.9,2.39
12/04/2022,07:29:56,-33.91803,18.95199,282.9,2.07
12/04/2022,07:29:57,-33.91802,18.95199,282.9,0.81
12/04/2022,07:29:59,-33.91802,18.95199,282.9,0.65
12/04/2022,07:30:01,-33.91802,18.95199,282.9,0.09
12/04/2022,07:30:02,-33.91802,18.95199,282.9,0.65
12/04/2022,07:30:03,-33.91802,18.95199,282.9,0.28
12/04/2022,07:30:04,-33.91802,18.95199,282.9,0.63
12/04/2022,07:30:05,-33.91802,18.95199,282.9,0.91
12/04/2022,07:30:07,-33.91803,18.95198,282.9,0.94
12/04/2022,07:30:09,-33.91803,18.95198,282.9,0.98
12/04/2022,07:30:10,-33.91804,18.95198,282.9,0.85
12/04/2022,07:30:11,-33.91804,18.95198,282.9,0.96
12/04/2022,07:30:12,-33.91804,18.95197,282.9,0.39
12/04/2022,07:30:13,-33.91804,18.95197,282.9,0.3
12/04/2022,07:30:15,-33.91804,18.95197,282.9,0.24
12/04/2022,07:30:17,-33.91804,18.95197,282.9,0.24
12/04/2022,07:30:19,-33.91803,18.95197,282.9,0.07
12/04/2022,07:30:21,-33.91803,18.95197,282.9,0.33
12/04/2022,07:30:23,-33.91804,18.95197,282.9,0.67
12/04/2022,07:30:24,-33.91804,18.95197,282.9,0.72
12/04/2022,07:30:25,-33.91804,18.95197,282.9,0.78
12/04/2022,07:30:26,-33.91804,18.95197,282.9,0.93
12/04/2022,07:30:28,-33.91804,18.95197,282.9,1
12/04/2022,07:30:29,-33.91805,18.95197,283,0.89
12/04/2022,07:30:31,-33.91805,18.95197,283,0.63
12/04/2022,07:30:32,-33.91805,18.95197,283,0.46
12/04/2022,07:30:33,-33.91806,18.95197,283,0.61
12/04/2022,07:30:34,-33.91806,18.95197,283,0.65
12/04/2022,07:30:36,-33.91806,18.95197,283,0.74
12/04/2022,07:30:38,-33.91806,18.95197,283,0.91
12/04/2022,07:30:40,-33.91807,18.95198,283,3.39
12/04/2022,07:30:42,-33.91806,18.95201,283,5.22
12/04/2022,07:30:43,-33.91805,18.95204,283,7.89
12/04/2022,07:30:44,-33.91803,18.95207,282.9,8.67
12/04/2022,07:30:45,-33.91802,18.9521,282.9,8.54
12/04/2022,07:30:46,-33.91801,18.95212,282.8,7.2
12/04/2022,07:30:47,-33.91801,18.95214,282.8,4.44
12/04/2022,07:30:49,-33.918,18.95216,282.8,4.83
12/04/2022,07:30:51,-33.918,18.9522,282.8,6.96
12/04/2022,07:30:53,-33.91802,18.95223,282.9,6.43
12/04/2022,07:30:54,-33.91804,18.95224,283.1,7.09
12/04/2022,07:30:55,-33.91807,18.95225,283.2,9.59
12/04/2022,07:30:57,-33.91812,18.95228,283.5,13.26
12/04/2022,07:30:59,-33.91819,18.95233,284,15.65
12/04/2022,07:31:01,-33.91825,18.95237,284.4,14.85
12/04/2022,07:31:03,-33.91832,18.95242,285.1,15.63
12/04/2022,07:31:05,-33.91838,18.95246,285.6,12.83
12/04/2022,07:31:06,-33.9184,18.95248,285.8,10.7
12/04/2022,07:31:07,-33.91842,18.9525,286,8.11
12/04/2022,07:31:08,-33.91843,18.95251,286.1,6.67
12/04/2022,07:31:10,-33.91844,18.95252,286.1,0.24
12/04/2022,07:31:12,-33.91846,18.95253,286.2,0.26
12/04/2022,07:31:14,-33.91846,18.95254,286.3,0.22
12/04/2022,07:31:15,-33.91847,18.95255,286.4,0.3
12/04/2022,07:31:17,-33.91848,18.95257,286.5,0.41
12/04/2022,07:31:18,-33.91849,18.95258,286.6,0.43
12/04/2022,07:31:19,-33.91851,18.95258,286.6,0.43
12/04/2022,07:31:21,-33.91852,18.95259,286.6,3.24
12/04/2022,07:31:22,-33.91852,18.95259,286.6,3.2
12/04/2022,07:31:23,-33.91853,18.9526,286.7,3.2
12/04/2022,07:31:25,-33.91856,18.95261,286.8,3.61
12/04/2022,07:31:27,-33.91856,18.95261,286.8,1.69
12/04/2022,07:31:28,-33.91856,18.95261,286.8,0.59
12/04/2022,07:31:29,-33.91856,18.95261,286.8,1.2
12/04/2022,07:31:30,-33.91856,18.95261,286.8,1.67
12/04/2022,07:31:31,-33.91854,18.95261,286.8,2.5
12/04/2022,07:31:33,-33.91854,18.95261,286.8,2.24
12/04/2022,07:31:35,-33.91853,18.9526,286.7,0.81
12/04/2022,07:31:36,-33.91854,18.95259,286.6,0.78
12/04/2022,07:31:37,-33.91854,18.95256,286.4,4.33
12/04/2022,07:31:39,-33.91851,18.95251,286.1,14.32
12/04/2022,07:31:41,-33.91844,18.95247,285.7,13.26
12/04/2022,07:31:42,-33.91841,18.95245,285.5,16.02
12/04/2022,07:31:43,-33.91837,18.95242,285.2,19.46
12/04/2022,07:31:45,-33.91826,18.95236,284.4,25.52
12/04/2022,07:31:47,-33.91815,18.95229,283.6,21.45
12/04/2022,07:31:48,-33.91811,18.95227,283.4,18.24
12/04/2022,07:31:49,-33.91808,18.95224,283.1,14.04
12/04/2022,07:31:51,-33.91805,18.95219,283,10.09
12/04/2022,07:31:52,-33.91804,18.95215,282.9,12.76
12/04/2022,07:31:53,-33.91806,18.95211,283,15.65
12/04/2022,07:31:54,-33.91809,18.95206,282.9,20.24
12/04/2022,07:31:56,-33.91815,18.95192,282.8,28.26
12/04/2022,07:31:58,-33.91822,18.95175,283.5,30.72
12/04/2022,07:31:59,-33.91825,18.95168,283.9,24.85
12/04/2022,07:32:00,-33.91827,18.95162,284.1,18.63
12/04/2022,07:32:01,-33.91829,18.95158,284.3,14.45
12/04/2022,07:32:03,-33.91833,18.95149,284.6,18.15
12/04/2022,07:32:04,-33.91835,18.95144,284.8,22.5
12/04/2022,07:32:06,-33.91841,18.95129,285.4,28.47
12/04/2022,07:32:07,-33.91845,18.9512,285.7,32.41
12/04/2022,07:32:08,-33.91849,18.95111,286,33.32
12/04/2022,07:32:09,-33.91853,18.95103,286.1,30.11
12/04/2022,07:32:10,-33.91857,18.95096,286.1,25.65
12/04/2022,07:32:11,-33.91859,18.95089,286.1,21.43
12/04/2022,07:32:12,-33.91859,18.95083,286.1,20.65
12/04/2022,07:32:13,-33.91857,18.95077,286.1,22.3
12/04/2022,07:32:14,-33.91853,18.95072,286.2,23.37
12/04/2022,07:32:16,-33.9184,18.95064,286.2,30.13
12/04/2022,07:32:17,-33.91833,18.9506,286.2,30.76
12/04/2022,07:32:19,-33.91821,18.95053,285.9,24.45
12/04/2022,07:32:20,-33.91816,18.9505,285.9,18.63
12/04/2022,07:32:21,-33.91813,18.95048,285.9,11.74
12/04/2022,07:32:22,-33.91811,18.95047,285.9,6.91
12/04/2022,07:32:23,-33.91811,18.95047,285.9,0.2
12/04/2022,07:32:25,-33.9181,18.95047,286,0.04
12/04/2022,07:32:27,-33.91811,18.95048,285.9,0.06
12/04/2022,07:32:28,-33.91811,18.95048,285.9,0.04
12/04/2022,07:32:30,-33.91811,18.95048,285.9,0
12/04/2022,07:32:31,-33.91811,18.95048,285.9,0.06
12/04/2022,07:32:33,-33.9181,18.95048,286,2.61
12/04/2022,07:32:34,-33.9181,18.95047,286,4.65
12/04/2022,07:32:35,-33.91807,18.95046,286,14.33
12/04/2022,07:32:36,-33.91802,18.95043,285.9,20.54
12/04/2022,07:32:38,-33.9179,18.95036,285.4,26.93
12/04/2022,07:32:40,-33.91776,18.95027,284.8,35.17
12/04/2022,07:32:41,-33.91767,18.95022,283.6,36.61
12/04/2022,07:32:42,-33.9176,18.95016,282.7,36.61
12/04/2022,07:32:43,-33.91752,18.95012,281.6,33.8
12/04/2022,07:32:45,-33.91738,18.95003,281.1,28.34
12/04/2022,07:32:46,-33.91732,18.95,281,24.56
12/04/2022,07:32:47,-33.91728,18.94997,280.8,18.87
12/04/2022,07:32:48,-33.91724,18.94995,280.7,15.43
12/04/2022,07:32:50,-33.91718,18.94992,280.4,12.13
12/04/2022,07:32:52,-33.91711,18.94987,280.1,18.59
12/04/2022,07:32:53,-33.91706,18.94984,279.8,19.83
12/04/2022,07:32:55,-33.91695,18.94977,279.3,26.28
12/04/2022,07:32:56,-33.91687,18.94972,278.4,31.37
12/04/2022,07:32:57,-33.91679,18.94967,277.6,34.97
12/04/2022,07:32:59,-33.91661,18.94956,276.2,40.58
12/04/2022,07:33:00,-33.91652,18.9495,276,41.34
12/04/2022,07:33:02,-33.9163,18.94937,275.6,48.3
12/04/2022,07:33:03,-33.91619,18.94929,275.7,49.1
12/04/2022,07:33:04,-33.91607,18.94922,276.2,49.82
12/04/2022,07:33:06,-33.91584,18.94908,276.7,51.26
12/04/2022,07:33:07,-33.91572,18.949,276.4,50.74
12/04/2022,07:33:09,-33.91548,18.94886,275.7,45.8
12/04/2022,07:33:11,-33.91528,18.94874,275,45.06
12/04/2022,07:33:13,-33.9151,18.94863,275,39.67
12/04/2022,07:33:15,-33.91494,18.94854,274.8,31.28
12/04/2022,07:33:16,-33.91489,18.9485,274.6,25.15
12/04/2022,07:33:17,-33.91484,18.94847,274.4,19.82
12/04/2022,07:33:19,-33.91479,18.94844,274.2,10.8
12/04/2022,07:33:20,-33.91477,18.94842,274.2,9.04
12/04/2022,07:33:22,-33.91472,18.94839,274,14.22
12/04/2022,07:33:24,-33.91464,18.94834,274,20.83
12/04/2022,07:33:25,-33.91458,18.9483,274,25.41
12/04/2022,07:33:27,-33.91445,18.94822,274,30.65
12/04/2022,07:33:28,-33.91437,18.94818,273.6,33.35
12/04/2022,07:33:29,-33.91427,18.94812,273.2,37.3
12/04/2022,07:33:30,-33.91419,18.94807,273,34.76
12/04/2022,07:33:32,-33.91406,18.94799,273,25.19
12/04/2022,07:33:34,-33.91394,18.94792,272.8,26.3
12/04/2022,07:33:35,-33.91387,18.94788,272.5,28.67
12/04/2022,07:33:36,-33.9138,18.94785,272.1,29.28
12/04/2022,07:33:37,-33.91372,18.94783,271.6,28.15
12/04/2022,07:33:38,-33.91366,18.94781,271.2,24.48
12/04/2022,07:33:39,-33.91361,18.9478,270.9,20.3
12/04/2022,07:33:41,-33.91352,18.94776,270.2,16.72
12/04/2022,07:33:43,-33.91346,18.9477,270.1,18.39
12/04/2022,07:33:45,-33.91339,18.94758,270.2,23.35
12/04/2022,07:33:46,-33.91334,18.94751,270,30.48
12/04/2022,07:33:48,-33.91323,18.94734,270,38.13
12/04/2022,07:33:49,-33.91316,18.94724,270,39.43
12/04/2022,07:33:51,-33.91302,18.94704,269.9,45.32
12/04/2022,07:33:52,-33.91294,18.94693,269.9,46.6
12/04/2022,07:33:53,-33.91284,18.94681,269.7,51.39
12/04/2022,07:33:55,-33.91265,18.94656,269.3,54.15
12/04/2022,07:33:56,-33.91255,18.94644,268.5,53.5
12/04/2022,07:33:58,-33.91241,18.94617,266.8,52.89
12/04/2022,07:33:59,-33.91234,18.94602,265.9,54.62
12/04/2022,07:34:00,-33.9123,18.94585,265.8,56.28
12/04/2022,07:34:01,-33.91227,18.94568,266,56.21
12/04/2022,07:34:03,-33.91226,18.94529,266.3,58.45
12/04/2022,07:34:04,-33.91227,18.9451,266.9,62.71
12/04/2022,07:34:06,-33.9123,18.94468,270.5,65.69
12/04/2022,07:34:07,-33.91231,18.94448,271.8,66.43
12/04/2022,07:34:08,-33.91233,18.94428,271.4,65.69
12/04/2022,07:34:10,-33.91235,18.94388,270,63.56
12/04/2022,07:34:11,-33.91236,18.94369,270.7,62.99
12/04/2022,07:34:13,-33.91241,18.94331,271.6,62.62
12/04/2022,07:34:14,-33.91246,18.94312,271.1,63.6
12/04/2022,07:34:15,-33.91252,18.94293,271,63.08
12/04/2022,07:34:17,-33.91258,18.94257,271.7,62.08
12/04/2022,07:34:18,-33.91259,18.94239,272.1,58.54
12/04/2022,07:34:19,-33.9126,18.94223,272.4,54.21
12/04/2022,07:34:21,-33.91259,18.94197,274.1,38.24
12/04/2022,07:34:22,-33.91258,18.94187,275.2,31.48
12/04/2022,07:34:23,-33.91256,18.94179,276,27.58
12/04/2022,07:34:24,-33.91255,18.94173,276.6,23.98
12/04/2022,07:34:25,-33.91253,18.94167,277.2,20.74
12/04/2022,07:34:27,-33.91248,18.94159,277.7,16.11
12/04/2022,07:34:29,-33.91244,18.94155,277.7,10.39
12/04/2022,07:34:30,-33.91243,18.94154,277.7,7.67
12/04/2022,07:34:32,-33.91241,18.94152,277.8,11
12/04/2022,07:34:33,-33.91239,18.9415,277.8,8.76
12/04/2022,07:34:35,-33.91237,18.9415,277.6,0.28
12/04/2022,07:34:36,-33.91237,18.94151,277.5,0.13
12/04/2022,07:34:38,-33.91237,18.94152,277.4,0.09
12/04/2022,07:34:40,-33.91237,18.94151,277.5,0.11
12/04/2022,07:34:41,-33.91237,18.94151,277.5,0.07
12/04/2022,07:34:42,-33.91237,18.9415,277.6,0.09
12/04/2022,07:34:43,-33.91237,18.9415,277.6,0.2
12/04/2022,07:34:44,-33.91237,18.9415,277.6,0.37
12/04/2022,07:34:45,-33.91236,18.94149,277.6,0.43
12/04/2022,07:34:46,-33.91235,18.94148,277.6,3.89
12/04/2022,07:34:48,-33.91235,18.94145,277.8,6.13
12/04/2022,07:34:50,-33.91236,18.94137,278.7,18.5
12/04/2022,07:34:51,-33.91239,18.94131,279.5,24.5
12/04/2022,07:34:52,-33.91242,18.94125,280.3,25.91
12/04/2022,07:34:53,-33.91245,18.94118,281.1,26.24
12/04/2022,07:34:55,-33.91253,18.94104,282.5,29.63
12/04/2022,07:34:56,-33.91257,18.94096,282.9,32.26
12/04/2022,07:34:57,-33.91262,18.94089,283.1,33.69
12/04/2022,07:34:58,-33.91267,18.9408,282.9,35.48
12/04/2022,07:34:59,-33.91272,18.94072,282.8,37
12/04/2022,07:35:01,-33.91284,18.94055,283.5,39.41
12/04/2022,07:35:03,-33.91298,18.94035,284.9,43.74
12/04/2022,07:35:04,-33.91305,18.94025,285,43.32
12/04/2022,07:35:05,-33.91313,18.94015,285,43.02
12/04/2022,07:35:06,-33.9132,18.94005,285,44.24
12/04/2022,07:35:07,-33.91328,18.93995,284.7,45.54
12/04/2022,07:35:09,-33.91343,18.93974,283.1,46.65
12/04/2022,07:35:11,-33.91359,18.93952,283.7,49.08
12/04/2022,07:35:13,-33.91377,18.9393,286.1,50.93
12/04/2022,07:35:14,-33.91386,18.93918,287.8,52.39
12/04/2022,07:35:15,-33.91394,18.93906,289.6,53.43
12/04/2022,07:35:17,-33.91411,18.9388,292.6,54.21
12/04/2022,07:35:18,-33.91419,18.93866,293.1,56.87
12/04/2022,07:35:19,-33.91428,18.93851,294.4,58.36
12/04/2022,07:35:21,-33.91443,18.9382,295.9,59.97
12/04/2022,07:35:23,-33.91458,18.93787,296.3,62.6
12/04/2022,07:35:25,-33.91473,18.93753,297,64.08
12/04/2022,07:35:27,-33.91488,18.93718,297.6,66.32
12/04/2022,07:35:28,-33.91496,18.937,298.5,66.26
12/04/2022,07:35:30,-33.91511,18.93665,303.6,66.95
12/04/2022,07:35:32,-33.91526,18.9363,307.3,65.52
12/04/2022,07:35:33,-33.91534,18.93612,305.8,65.54
12/04/2022,07:35:34,-33.91541,18.93594,305.5,65.51
12/04/2022,07:35:36,-33.91557,18.9356,308.7,64.93
12/04/2022,07:35:38,-33.91571,18.93525,312.8,64.19
12/04/2022,07:35:39,-33.91579,18.93508,314.3,64.78
12/04/2022,07:35:40,-33.91587,18.9349,315.8,64.39
12/04/2022,07:35:42,-33.91602,18.93456,318.1,64.15
12/04/2022,07:35:44,-33.91617,18.93421,320.3,64.23
12/04/2022,07:35:46,-33.91632,18.93387,322.6,64.12
12/04/2022,07:35:47,-33.91639,18.9337,323.7,64.04
12/04/2022,07:35:48,-33.91646,18.93353,324.9,63.97
12/04/2022,07:35:49,-33.91654,18.93336,326.3,63.62
12/04/2022,07:35:51,-33.91669,18.93302,330.8,63.39
12/04/2022,07:35:53,-33.91683,18.93268,336.8,62.51
12/04/2022,07:35:55,-33.91698,18.93235,339.6,62.45
12/04/2022,07:35:57,-33.91712,18.93201,338.6,62.23
12/04/2022,07:35:59,-33.91726,18.93168,337.9,62.12
12/04/2022,07:36:00,-33.91734,18.93152,340.2,62.02
12/04/2022,07:36:01,-33.91741,18.93135,342,61.91
12/04/2022,07:36:03,-33.91757,18.93103,345.3,62.47
12/04/2022,07:36:05,-33.91777,18.93073,343.7,63.36
12/04/2022,07:36:06,-33.91787,18.93058,343.8,63.45
12/04/2022,07:36:08,-33.9181,18.93031,345.4,64.08
12/04/2022,07:36:09,-33.91822,18.93018,346.3,64.23
12/04/2022,07:36:10,-33.91835,18.93005,347.3,65.95
12/04/2022,07:36:12,-33.9186,18.92977,348.5,67.65
12/04/2022,07:36:14,-33.91885,18.9295,351.8,67.58
12/04/2022,07:36:16,-33.9191,18.92922,354.4,67.67
12/04/2022,07:36:17,-33.91923,18.92908,355.4,68.8
12/04/2022,07:36:18,-33.91936,18.92894,356.8,68.84
12/04/2022,07:36:20,-33.91962,18.92866,358.8,69.71
12/04/2022,07:36:21,-33.91975,18.92852,359.8,69.15
12/04/2022,07:36:22,-33.91988,18.92837,359.8,69.1
12/04/2022,07:36:23,-33.92001,18.92823,359.4,69.76
12/04/2022,07:36:24,-33.92014,18.92809,359.8,70.15
12/04/2022,07:36:25,-33.92027,18.92794,360.1,70.67
12/04/2022,07:36:27,-33.92054,18.92765,361.9,71.08
12/04/2022,07:36:28,-33.92067,18.92751,363.1,71.1
12/04/2022,07:36:30,-33.92092,18.92721,365.9,71.17
12/04/2022,07:36:31,-33.92103,18.92704,366.7,70.56
12/04/2022,07:36:32,-33.92111,18.92685,368,70.95
12/04/2022,07:36:34,-33.92121,18.92642,372.9,74.93
12/04/2022,07:36:35,-33.92122,18.9262,377,73.99
12/04/2022,07:36:37,-33.92117,18.92577,379.6,72.1
12/04/2022,07:36:38,-33.92111,18.92557,379.9,72.58
12/04/2022,07:36:39,-33.92102,18.92538,381.8,73.51
12/04/2022,07:36:41,-33.9208,18.92502,383.4,73.19
12/04/2022,07:36:43,-33.92057,18.92467,383.7,74.78
12/04/2022,07:36:45,-33.92033,18.92432,384.2,74.75
12/04/2022,07:36:47,-33.92007,18.92397,381,77.17
12/04/2022,07:36:48,-33.91994,18.9238,381.7,77.75
12/04/2022,07:36:49,-33.91981,18.92362,384.7,78.54
12/04/2022,07:36:51,-33.91954,18.92325,382.5,80.78
12/04/2022,07:36:52,-33.91941,18.92307,378.3,79.93
12/04/2022,07:36:53,-33.91928,18.92289,377,78.1
12/04/2022,07:36:54,-33.91915,18.92271,376.8,76.15
12/04/2022,07:36:55,-33.91902,18.92254,377.8,74.56
12/04/2022,07:36:57,-33.91878,18.92222,382.5,70.3
12/04/2022,07:36:58,-33.91868,18.92205,384.1,69.25
12/04/2022,07:37:00,-33.91851,18.92167,384.1,69.95
12/04/2022,07:37:01,-33.91846,18.92147,382.5,68.84
12/04/2022,07:37:03,-33.91845,18.92105,381.6,69.73
12/04/2022,07:37:05,-33.91856,18.92065,381.6,70.52
12/04/2022,07:37:06,-33.91865,18.92047,380.4,70.19
12/04/2022,07:37:07,-33.91877,18.9203,378.2,73.14
12/04/2022,07:37:09,-33.91908,18.92001,374,74.8
12/04/2022,07:37:10,-33.91926,18.9199,373.7,80.08
12/04/2022,07:37:12,-33.91965,18.91971,375.2,84.25
12/04/2022,07:37:13,-33.91986,18.9196,373.8,86.38
12/04/2022,07:37:14,-33.92006,18.9195,372.3,87.77
12/04/2022,07:37:15,-33.92027,18.91939,373.1,88.99
12/04/2022,07:37:16,-33.92047,18.91929,373.5,88.54
12/04/2022,07:37:17,-33.92069,18.91918,374.7,88.99
12/04/2022,07:37:19,-33.9211,18.91897,372.9,88.88
12/04/2022,07:37:21,-33.92152,18.91876,366.5,89.43
12/04/2022,07:37:22,-33.92173,18.91865,364.3,89.4
12/04/2022,07:37:23,-33.92193,18.91855,361.4,88.91
12/04/2022,07:37:24,-33.92214,18.91845,358.7,89.21
12/04/2022,07:37:25,-33.92233,18.91835,355.5,88.69
12/04/2022,07:37:27,-33.92269,18.91814,354.3,76.02
12/04/2022,07:37:28,-33.92284,18.91802,354,74.21
12/04/2022,07:37:29,-33.92298,18.91787,352.5,74.62
12/04/2022,07:37:31,-33.92317,18.91747,347.9,79.27
12/04/2022,07:37:33,-33.92324,18.91701,351.5,79.75
12/04/2022,07:37:34,-33.92323,18.91678,353.5,79.3
12/04/2022,07:37:35,-33.92319,18.91654,354.3,80.4
12/04/2022,07:37:36,-33.92312,18.91631,353.4,80.4
12/04/2022,07:37:37,-33.92301,18.91611,351.7,80.45
12/04/2022,07:37:39,-33.92272,18.91575,353.5,81.04
12/04/2022,07:37:40,-33.92255,18.91559,354.3,85.38
12/04/2022,07:37:42,-33.92221,18.91527,352.1,86.51
12/04/2022,07:37:43,-33.92204,18.91511,354,86.06
12/04/2022,07:37:44,-33.92187,18.91496,354.4,86.01
12/04/2022,07:37:45,-33.92169,18.9148,352.2,86.01
12/04/2022,07:37:46,-33.92152,18.91464,348.7,85.47
12/04/2022,07:37:48,-33.92118,18.91433,344.1,85.43
12/04/2022,07:37:49,-33.92101,18.91417,341.8,85.32
12/04/2022,07:37:50,-33.92084,18.91401,336,85.12
12/04/2022,07:37:52,-33.92054,18.91369,331.7,78.77
12/04/2022,07:37:54,-33.92031,18.91331,330.3,79.3
12/04/2022,07:37:55,-33.92023,18.91309,328.2,79.49
12/04/2022,07:37:57,-33.92018,18.91263,321,76.67
12/04/2022,07:37:59,-33.92027,18.91216,319,76.1
12/04/2022,07:38:01,-33.92049,18.91174,321.7,75.28
12/04/2022,07:38:03,-33.92079,18.9114,317.5,81.49
12/04/2022,07:38:04,-33.92097,18.91128,314,82.56
12/04/2022,07:38:05,-33.92115,18.91116,309.8,82.54
12/04/2022,07:38:06,-33.92134,18.91105,307.3,83.58
12/04/2022,07:38:07,-33.92152,18.91094,306.8,80.19
12/04/2022,07:38:09,-33.92187,18.91071,308.2,79.23
12/04/2022,07:38:11,-33.92219,18.91041,304.9,81.14
12/04/2022,07:38:13,-33.92247,18.91006,303.5,81.14
12/04/2022,07:38:15,-33.92272,18.90969,308.7,81.53
12/04/2022,07:38:16,-33.92285,18.9095,312.6,78.67
12/04/2022,07:38:17,-33.92298,18.90932,314.8,77.8
12/04/2022,07:38:18,-33.92311,18.90914,314.6,77.86
12/04/2022,07:38:19,-33.92326,18.90897,313.7,78.69
12/04/2022,07:38:21,-33.92359,18.9087,314.2,80.32
12/04/2022,07:38:22,-33.92377,18.90859,312.6,81.25
12/04/2022,07:38:24,-33.92416,18.90842,305.6,81.54
12/04/2022,07:38:26,-33.92454,18.90829,298.6,76.52
12/04/2022,07:38:28,-33.92488,18.90811,295.8,73.84
12/04/2022,07:38:30,-33.92514,18.90781,297.6,72.43
12/04/2022,07:38:31,-33.92523,18.90763,297.5,72.01
12/04/2022,07:38:33,-33.92534,18.90719,292.1,76.58
12/04/2022,07:38:34,-33.92536,18.90696,294,74.38
12/04/2022,07:38:36,-33.9253,18.90648,295.7,82.8
12/04/2022,07:38:37,-33.92523,18.90625,290.6,83.97
12/04/2022,07:38:39,-33.92509,18.90576,280.6,83.93
12/04/2022,07:38:40,-33.92502,18.90553,278.5,80.88
12/04/2022,07:38:41,-33.92497,18.90529,279.2,78.82
12/04/2022,07:38:43,-33.92493,18.90483,275.8,75.45
12/04/2022,07:38:45,-33.92502,18.90437,272.2,75.34
12/04/2022,07:38:47,-33.92526,18.90396,271.8,86.14
12/04/2022,07:38:49,-33.92555,18.90358,265.6,85.86
12/04/2022,07:38:51,-33.92582,18.9032,257.2,80.32
12/04/2022,07:38:52,-33.92592,18.90299,255.2,79.34
12/04/2022,07:38:53,-33.92601,18.90278,254.3,79.52
12/04/2022,07:38:55,-33.92608,18.90229,259.4,85.9
12/04/2022,07:38:57,-33.92604,18.90179,262.1,84.54
12/04/2022,07:38:58,-33.92599,18.90154,261.7,85.97
12/04/2022,07:38:59,-33.92594,18.90129,261.4,87.4
12/04/2022,07:39:01,-33.92584,18.90077,260.6,88.67
12/04/2022,07:39:02,-33.92578,18.90051,257.2,88.19
12/04/2022,07:39:03,-33.92573,18.90026,254.3,88.21
12/04/2022,07:39:05,-33.92562,18.89976,258.1,87.28
12/04/2022,07:39:06,-33.92558,18.89951,260.7,82.15
12/04/2022,07:39:08,-33.92553,18.89901,258.8,83.47
12/04/2022,07:39:09,-33.92554,18.89876,254.7,83.97
12/04/2022,07:39:10,-33.92558,18.89851,250.9,83.88
12/04/2022,07:39:12,-33.92576,18.89803,249.7,84.17
12/04/2022,07:39:13,-33.92588,18.89781,250.7,88.17
12/04/2022,07:39:15,-33.92611,18.89736,250,87.91
12/04/2022,07:39:16,-33.92623,18.89714,249.1,88.77
12/04/2022,07:39:17,-33.92634,18.89691,247.5,89.38
12/04/2022,07:39:19,-33.92656,18.89648,243.3,83.73
12/04/2022,07:39:20,-33.92665,18.89625,243.7,82.58
12/04/2022,07:39:21,-33.92674,18.89603,243.7,82.64
12/04/2022,07:39:22,-33.92681,18.8958,241.6,83.95
12/04/2022,07:39:23,-33.92687,18.89556,238.3,84.84
12/04/2022,07:39:24,-33.92692,18.89532,235.8,83.17
12/04/2022,07:39:25,-33.92695,18.89507,235.7,83.21
12/04/2022,07:39:27,-33.92698,18.89458,232.8,82.27
12/04/2022,07:39:29,-33.92696,18.8941,228,79.25
12/04/2022,07:39:31,-33.92691,18.89362,224.4,80.01
12/04/2022,07:39:32,-33.92688,18.89339,224.3,79.27
12/04/2022,07:39:33,-33.92686,18.89315,224.3,78.91
12/04/2022,07:39:34,-33.92683,18.89292,223.9,78.97
12/04/2022,07:39:36,-33.92678,18.89246,222.3,78.73
12/04/2022,07:39:37,-33.92675,18.89223,220.8,78.49
12/04/2022,07:39:39,-33.92669,18.89176,216.5,77.93
12/04/2022,07:39:40,-33.92666,18.89153,211.1,78.27
12/04/2022,07:39:41,-33.92663,18.8913,206.5,78.3
12/04/2022,07:39:42,-33.92661,18.89107,204.6,75.52
12/04/2022,07:39:43,-33.92658,18.89085,204.6,75.39
12/04/2022,07:39:45,-33.92652,18.8904,203.7,74.8
12/04/2022,07:39:46,-33.9265,18.89018,202.8,75.21
12/04/2022,07:39:47,-33.92647,18.88995,201.1,75.14
12/04/2022,07:39:48,-33.92644,18.88973,198.9,75.14
12/04/2022,07:39:50,-33.92639,18.88928,195,75.15
12/04/2022,07:39:52,-33.92634,18.88884,195.3,74.69
12/04/2022,07:39:54,-33.92629,18.88839,190.7,75.75
12/04/2022,07:39:55,-33.92627,18.88817,189.3,75.14
12/04/2022,07:39:57,-33.92622,18.88772,186.4,75.28
12/04/2022,07:39:58,-33.9262,18.8875,183.8,75.62
12/04/2022,07:39:59,-33.92617,18.88728,180.1,75.65
12/04/2022,07:40:00,-33.92615,18.88705,178.2,75.71
12/04/2022,07:40:01,-33.92613,18.88683,177.4,75.28
12/04/2022,07:40:03,-33.92608,18.88638,174.4,75.36
12/04/2022,07:40:04,-33.92605,18.88615,171.7,75.25
12/04/2022,07:40:05,-33.92603,18.88593,169.2,75.36
12/04/2022,07:40:06,-33.926,18.8857,168,75.39
12/04/2022,07:40:07,-33.92597,18.88547,168.8,76.84
12/04/2022,07:40:08,-33.92595,18.88524,171,77.43
12/04/2022,07:40:09,-33.92593,18.88501,170.6,76.99
12/04/2022,07:40:11,-33.92588,18.88456,166.9,73.41
12/04/2022,07:40:13,-33.92583,18.88413,161.9,71.41
12/04/2022,07:40:15,-33.92578,18.88372,159.3,68.64
12/04/2022,07:40:16,-33.92576,18.88351,157.4,66.39
12/04/2022,07:40:17,-33.92573,18.88332,156.1,65.08
12/04/2022,07:40:19,-33.92569,18.88293,154.3,63.45
12/04/2022,07:40:21,-33.92565,18.88256,153.7,62.47
12/04/2022,07:40:23,-33.92561,18.88219,155.4,60.47
12/04/2022,07:40:25,-33.92557,18.88184,155.1,56.78
12/04/2022,07:40:27,-33.92555,18.8815,152.8,55.91
12/04/2022,07:40:28,-33.92555,18.88134,151.5,55.87
12/04/2022,07:40:29,-33.92554,18.88117,149.7,54.97
12/04/2022,07:40:30,-33.92554,18.881,147.9,52.99
12/04/2022,07:40:32,-33.92554,18.8807,145.1,49.99
12/04/2022,07:40:33,-33.92553,18.88055,144.2,49.56
12/04/2022,07:40:35,-33.92553,18.88027,143.6,47.71
12/04/2022,07:40:36,-33.92553,18.88012,145.6,46.78
12/04/2022,07:40:37,-33.92553,18.87998,147.1,45.41
12/04/2022,07:40:39,-33.92553,18.87972,146.1,42.19
12/04/2022,07:40:40,-33.92554,18.8796,145.2,37.91
12/04/2022,07:40:42,-33.92555,18.87941,143.8,26.17
12/04/2022,07:40:44,-33.92558,18.87931,143.1,13.65
12/04/2022,07:40:46,-33.92559,18.87927,142.9,4.59
12/04/2022,07:40:48,-33.9256,18.87927,142.9,0.15
12/04/2022,07:40:50,-33.9256,18.87928,143,0.09
12/04/2022,07:40:51,-33.9256,18.87928,143,0.06
12/04/2022,07:40:53,-33.9256,18.87928,143,0
12/04/2022,07:40:55,-33.9256,18.87928,143,0.06
12/04/2022,07:40:57,-33.9256,18.87928,143,0.02
12/04/2022,07:40:58,-33.9256,18.87928,143,0
12/04/2022,07:41:00,-33.9256,18.87928,143,0.02
12/04/2022,07:41:01,-33.9256,18.87928,143,0.02
12/04/2022,07:41:03,-33.9256,18.87928,143,0.02
12/04/2022,07:41:05,-33.9256,18.87928,143,0.02
12/04/2022,07:41:07,-33.9256,18.87928,143,0.02
12/04/2022,07:41:08,-33.9256,18.87928,143,0.02
12/04/2022,07:41:09,-33.9256,18.87928,143,0.02
12/04/2022,07:41:10,-33.9256,18.87928,143,0.06
12/04/2022,07:41:11,-33.9256,18.87928,143,1.3
12/04/2022,07:41:12,-33.9256,18.87927,142.9,3.41
12/04/2022,07:41:14,-33.92559,18.87922,142.6,17.52
12/04/2022,07:41:16,-33.92558,18.87908,141.8,26.56
12/04/2022,07:41:18,-33.92555,18.87891,141.1,30.89
12/04/2022,07:41:19,-33.92554,18.8788,140.4,34.84
12/04/2022,07:41:21,-33.92552,18.87858,139.3,35.23
12/04/2022,07:41:22,-33.92551,18.87848,139.3,32.3
12/04/2022,07:41:23,-33.92549,18.87838,139.5,30.19
12/04/2022,07:41:24,-33.92549,18.8783,139.4,25.91
12/04/2022,07:41:25,-33.92547,18.87823,139.4,21.61
12/04/2022,07:41:26,-33.92547,18.87817,139.3,18.02
12/04/2022,07:41:28,-33.92545,18.87808,139.1,11.91
12/04/2022,07:41:29,-33.92544,18.87805,139,8.83
12/04/2022,07:41:30,-33.92543,18.87803,138.8,5.82
12/04/2022,07:41:31,-33.92543,18.87801,138.6,5.87
12/04/2022,07:41:33,-33.92541,18.87795,138,15.19
12/04/2022,07:41:35,-33.92539,18.87784,137,19.24
12/04/2022,07:41:37,-33.92539,18.87772,136.1,19.5
12/04/2022,07:41:39,-33.92548,18.87761,135.7,30.09
12/04/2022,07:41:40,-33.92555,18.87756,135.4,37.47
12/04/2022,07:41:41,-33.92563,18.8775,134.5,39.84
12/04/2022,07:41:43,-33.9258,18.87738,132.8,36.61
12/04/2022,07:41:45,-33.92595,18.87728,131.1,33.19
12/04/2022,07:41:46,-33.92602,18.87723,130.1,31.65
12/04/2022,07:41:47,-33.92609,18.87719,129.1,30.24
12/04/2022,07:41:48,-33.92615,18.87714,128.9,28.04
12/04/2022,07:41:50,-33.92625,18.87707,129.2,19.98
12/04/2022,07:41:51,-33.92629,18.87705,129.4,16.19
12/04/2022,07:41:52,-33.92632,18.87702,129.6,12.54
12/04/2022,07:41:53,-33.92634,18.87701,129.7,8.78
12/04/2022,07:41:54,-33.92635,18.877,129.7,4.7
12/04/2022,07:41:55,-33.92636,18.877,129.8,0.17
12/04/2022,07:41:56,-33.92636,18.877,129.8,0.06
12/04/2022,07:41:57,-33.92636,18.877,129.8,0.06
12/04/2022,07:41:58,-33.92636,18.877,129.8,0.06
12/04/2022,07:42:00,-33.92635,18.877,129.7,0.06
12/04/2022,07:42:02,-33.92635,18.877,129.7,0.04
12/04/2022,07:42:03,-33.92635,18.877,129.7,0.04
12/04/2022,07:42:04,-33.92635,18.877,129.7,0
12/04/2022,07:42:05,-33.92635,18.877,129.7,0
12/04/2022,07:42:07,-33.92638,18.87697,129.9,12.89
12/04/2022,07:42:08,-33.92642,18.87695,130.1,18.63
12/04/2022,07:42:09,-33.92646,18.87692,130.3,22.06
12/04/2022,07:42:11,-33.92658,18.87684,130.8,28.69
12/04/2022,07:42:13,-33.92674,18.87673,130.9,40.5
12/04/2022,07:42:15,-33.92693,18.87659,131,45.49
12/04/2022,07:42:17,-33.92713,18.87644,131,49.43
12/04/2022,07:42:18,-33.92724,18.87636,131,49.78
12/04/2022,07:42:19,-33.92735,18.87629,131,49.36
12/04/2022,07:42:21,-33.92756,18.87613,130.8,48.39
12/04/2022,07:42:23,-33.92777,18.87598,130,48
12/04/2022,07:42:24,-33.92787,18.87591,130,46.19
12/04/2022,07:42:25,-33.92797,18.87584,130,44.73
12/04/2022,07:42:27,-33.92816,18.8757,129.8,44.49
12/04/2022,07:42:29,-33.92836,18.87556,129.9,47.17
12/04/2022,07:42:30,-33.92847,18.87549,129.9,47.6
12/04/2022,07:42:31,-33.92857,18.87541,130.1,46.49
12/04/2022,07:42:33,-33.92876,18.87527,130.5,44.86
12/04/2022,07:42:34,-33.92886,18.87521,130.1,44.5
12/04/2022,07:42:36,-33.92905,18.87508,128.8,40.58
12/04/2022,07:42:37,-33.92913,18.87502,128.3,35.06
12/04/2022,07:42:38,-33.92919,18.87497,128,31.02
12/04/2022,07:42:39,-33.92926,18.87493,128,27.67
12/04/2022,07:42:41,-33.92937,18.87486,128,23.61
12/04/2022,07:42:42,-33.92942,18.87482,128,21.52
12/04/2022,07:42:44,-33.92951,18.87475,128.2,20.69
12/04/2022,07:42:45,-33.92956,18.87472,128.4,21.02
12/04/2022,07:42:46,-33.9296,18.87468,128.6,20.45
12/04/2022,07:42:47,-33.92964,18.87465,128.8,19.71
12/04/2022,07:42:48,-33.92968,18.87462,128.9,18.96
12/04/2022,07:42:50,-33.92976,18.87456,129,18.59
12/04/2022,07:42:51,-33.9298,18.87454,129,20.08
12/04/2022,07:42:52,-33.92985,18.8745,129,21.95
12/04/2022,07:42:54,-33.92996,18.87443,129,26.43
12/04/2022,07:42:56,-33.93007,18.87435,128.9,27.47
12/04/2022,07:42:57,-33.93013,18.8743,128.9,28.26
12/04/2022,07:42:59,-33.93026,18.87425,129.2,29.52
12/04/2022,07:43:00,-33.93034,18.87425,129.6,29.98
12/04/2022,07:43:01,-33.93041,18.87425,129.9,27.39
12/04/2022,07:43:03,-33.93053,18.87426,130.5,23.02
12/04/2022,07:43:04,-33.93059,18.87425,130.9,22.5
12/04/2022,07:43:06,-33.93069,18.87417,131.5,27.21
12/04/2022,07:43:07,-33.93072,18.87411,131.2,29.28
12/04/2022,07:43:09,-33.93074,18.87393,129.7,29.91
12/04/2022,07:43:11,-33.9307,18.87377,128.8,28.41
12/04/2022,07:43:12,-33.93066,18.8737,128.5,28.39
12/04/2022,07:43:13,-33.93063,18.87361,128.3,29.74
12/04/2022,07:43:15,-33.93062,18.87342,128.1,34.35
12/04/2022,07:43:17,-33.93063,18.87319,127.9,41.15
12/04/2022,07:43:19,-33.93066,18.87292,127.3,49.93
12/04/2022,07:43:21,-33.93069,18.87261,127.3,52.36
12/04/2022,07:43:23,-33.93072,18.87229,127.5,54.71
12/04/2022,07:43:24,-33.93073,18.87212,127.3,56.86
12/04/2022,07:43:25,-33.93074,18.87195,126.7,59.5
12/04/2022,07:43:26,-33.93076,18.87176,126.1,61.04
12/04/2022,07:43:28,-33.9308,18.8714,125,59.71
12/04/2022,07:43:29,-33.93081,18.87122,125.1,57.93
12/04/2022,07:43:30,-33.93083,18.87104,125,57.36
12/04/2022,07:43:32,-33.93087,18.8707,124.9,56.32
12/04/2022,07:43:33,-33.93089,18.87054,125,56.8
12/04/2022,07:43:34,-33.9309,18.87036,124.8,56.12
12/04/2022,07:43:36,-33.93095,18.87001,124.6,59.89
12/04/2022,07:43:38,-33.93099,18.86964,124,60.84
12/04/2022,07:43:39,-33.93101,18.86947,124.3,61.3
12/04/2022,07:43:40,-33.93104,18.8693,124.8,55.97
12/04/2022,07:43:42,-33.93108,18.86897,125.8,52.34
12/04/2022,07:43:43,-33.9311,18.86883,126,47.36
12/04/2022,07:43:45,-33.93113,18.86859,125.8,33.61
12/04/2022,07:43:47,-33.93116,18.86843,125.1,21.58
12/04/2022,07:43:49,-33.93119,18.86833,124.7,13.89
12/04/2022,07:43:51,-33.9312,18.86829,124.7,5.22
12/04/2022,07:43:53,-33.93121,18.86828,124.6,0.17
12/04/2022,07:43:54,-33.93121,18.86828,124.6,0.04
12/04/2022,07:43:55,-33.93121,18.86828,124.6,0.02
12/04/2022,07:43:56,-33.93121,18.86829,124.6,0.02
12/04/2022,07:43:57,-33.93121,18.86829,124.6,0.02
12/04/2022,07:43:58,-33.93121,18.86829,124.6,0.04
12/04/2022,07:44:00,-33.93121,18.86828,124.6,0.07
12/04/2022,07:44:02,-33.93121,18.86828,124.6,0.11
12/04/2022,07:44:03,-33.9312,18.86828,124.7,1.54
12/04/2022,07:44:04,-33.9312,18.86827,124.7,1.31
12/04/2022,07:44:06,-33.9312,18.86827,124.7,0.48
12/04/2022,07:44:08,-33.9312,18.86827,124.7,0.33
12/04/2022,07:44:10,-33.93121,18.86827,124.6,0.39
12/04/2022,07:44:11,-33.93121,18.86827,124.6,1.96
12/04/2022,07:44:13,-33.93122,18.86821,124.6,9.57
12/04/2022,07:44:15,-33.93123,18.86812,124.6,17.46
12/04/2022,07:44:16,-33.93124,18.86806,124.5,19.45
12/04/2022,07:44:17,-33.93125,18.868,124.3,23.17
12/04/2022,07:44:18,-33.93126,18.86792,124,25.84
12/04/2022,07:44:20,-33.93128,18.86776,123.4,27.74
12/04/2022,07:44:21,-33.93128,18.86767,123.4,29.3
12/04/2022,07:44:22,-33.93129,18.86758,123.4,31.58
12/04/2022,07:44:24,-33.93132,18.86737,123.5,35.89
12/04/2022,07:44:25,-33.93132,18.86726,123.7,36.58
12/04/2022,07:44:27,-33.93135,18.86703,123.7,36.87
12/04/2022,07:44:28,-33.93136,18.86693,123.6,35.61
12/04/2022,07:44:30,-33.93138,18.86672,123.1,31.74
12/04/2022,07:44:31,-33.93139,18.86663,123,32.67
12/04/2022,07:44:33,-33.93141,18.86641,123.2,36.43
12/04/2022,07:44:34,-33.93143,18.8663,123.6,38.26
12/04/2022,07:44:35,-33.93144,18.86618,124,38.28
12/04/2022,07:44:37,-33.93147,18.86597,123.4,34.8
12/04/2022,07:44:39,-33.93149,18.86578,122.5,27.85
12/04/2022,07:44:40,-33.93151,18.8657,122.2,26.11
12/04/2022,07:44:42,-33.93153,18.86556,121.5,23.41
12/04/2022,07:44:43,-33.93154,18.8655,121.3,19.95
12/04/2022,07:44:45,-33.93155,18.86541,120.8,9.91
12/04/2022,07:44:46,-33.93156,18.86539,120.8,6.52
12/04/2022,07:44:47,-33.93156,18.86538,120.7,3.65
12/04/2022,07:44:48,-33.93156,18.86537,120.7,2.2
12/04/2022,07:44:49,-33.93156,18.86537,120.7,1.11
12/04/2022,07:44:50,-33.93156,18.86538,120.7,0.8
12/04/2022,07:44:52,-33.93156,18.86537,120.7,0.8
12/04/2022,07:44:54,-33.93156,18.86538,120.7,0
12/04/2022,07:44:56,-33.93156,18.86538,120.7,0.09
12/04/2022,07:44:57,-33.93156,18.86538,120.7,0.17
12/04/2022,07:44:58,-33.93156,18.86538,120.7,0.31
12/04/2022,07:45:00,-33.93156,18.86538,120.7,0.15
12/04/2022,07:45:02,-33.93156,18.86538,120.7,0.26
12/04/2022,07:45:04,-33.93156,18.86538,120.7,0.61
12/04/2022,07:45:05,-33.93156,18.86538,120.7,0.61
12/04/2022,07:45:06,-33.93156,18.86538,120.7,0.31
12/04/2022,07:45:07,-33.93156,18.86538,120.7,0.72
12/04/2022,07:45:08,-33.93156,18.86538,120.7,3.02
12/04/2022,07:45:09,-33.93156,18.86537,120.7,6.37
12/04/2022,07:45:10,-33.93156,18.86533,120.5,15.39
12/04/2022,07:45:11,-33.93156,18.86528,120.2,20.78
12/04/2022,07:45:13,-33.93156,18.86512,119.9,25.32
12/04/2022,07:45:15,-33.93158,18.86492,119.3,35.48
12/04/2022,07:45:16,-33.93159,18.8648,118.8,40.8
12/04/2022,07:45:17,-33.93161,18.86466,118.4,44.34
12/04/2022,07:45:18,-33.93162,18.86452,118.1,47.15
12/04/2022,07:45:19,-33.93163,18.86437,117.9,50.91
12/04/2022,07:45:21,-33.93167,18.86404,117.1,55.93
12/04/2022,07:45:22,-33.93169,18.86387,116.2,55.95
12/04/2022,07:45:23,-33.93171,18.8637,116.2,57.5
12/04/2022,07:45:25,-33.93175,18.86341,117,43.97
12/04/2022,07:45:27,-33.93179,18.86319,117.4,31.02
12/04/2022,07:45:28,-33.93181,18.86312,117.5,23.48
12/04/2022,07:45:30,-33.93184,18.86303,117.5,12.83
12/04/2022,07:45:31,-33.93185,18.86301,117.5,6.69
12/04/2022,07:45:33,-33.93186,18.86301,117.5,0.28
12/04/2022,07:45:34,-33.93187,18.863,117.5,0.2
12/04/2022,07:45:35,-33.93188,18.863,117.6,0.09
12/04/2022,07:45:37,-33.93188,18.863,117.6,0
12/04/2022,07:45:38,-33.93188,18.863,117.6,0
12/04/2022,07:45:39,-33.93188,18.863,117.6,0
12/04/2022,07:45:40,-33.93188,18.863,117.6,0
12/04/2022,07:45:42,-33.93187,18.86297,117.4,8.09
12/04/2022,07:45:43,-33.93187,18.86292,117.2,17.61
12/04/2022,07:45:44,-33.93187,18.86286,117,18.93
12/04/2022,07:45:46,-33.93188,18.86271,116.1,25.95
12/04/2022,07:45:48,-33.9319,18.86253,114.3,28.39
12/04/2022,07:45:49,-33.9319,18.86245,113.8,25.85
12/04/2022,07:45:51,-33.93191,18.86232,113.3,16.45
12/04/2022,07:45:52,-33.93191,18.86228,113.1,10.76
12/04/2022,07:45:53,-33.93192,18.86226,113.1,5.46
12/04/2022,07:45:55,-33.93192,18.86225,113,0.13
12/04/2022,07:45:57,-33.93191,18.86225,113,0.07
12/04/2022,07:45:59,-33.93192,18.86225,113,0.04
12/04/2022,07:46:00,-33.93192,18.86225,113,0.04
12/04/2022,07:46:01,-33.93192,18.86225,113,0.02
12/04/2022,07:46:03,-33.93192,18.86225,113,0.06
12/04/2022,07:46:04,-33.93192,18.86225,113,1.67
12/04/2022,07:46:05,-33.93192,18.86224,113,6.02
12/04/2022,07:46:07,-33.93193,18.86215,112.9,22.19
12/04/2022,07:46:09,-33.93194,18.86198,113,26.87
12/04/2022,07:46:11,-33.93196,18.86178,113.8,36.98
12/04/2022,07:46:12,-33.93197,18.86166,114.4,41.87
12/04/2022,07:46:13,-33.93199,18.86153,115.6,43.24
12/04/2022,07:46:15,-33.93201,18.86125,116.2,45.02
12/04/2022,07:46:16,-33.93203,18.86112,116,44.5
12/04/2022,07:46:18,-33.93206,18.86083,115.8,47.02
12/04/2022,07:46:20,-33.93209,18.86054,113.9,48.49
12/04/2022,07:46:21,-33.93212,18.8604,112.4,49.21
12/04/2022,07:46:22,-33.93213,18.86025,110.9,47.86
12/04/2022,07:46:24,-33.93216,18.85996,109.9,47.8
12/04/2022,07:46:25,-33.93218,18.85983,109.4,41.28
12/04/2022,07:46:27,-33.93222,18.85961,108.6,31.8
12/04/2022,07:46:28,-33.93224,18.85952,108.3,29.41
12/04/2022,07:46:30,-33.93227,18.85937,107.7,25.21
12/04/2022,07:46:31,-33.93228,18.8593,107.5,21.15
12/04/2022,07:46:33,-33.93229,18.8592,107.1,14.76
12/04/2022,07:46:34,-33.9323,18.85916,107,12.7
12/04/2022,07:46:35,-33.9323,18.85913,106.9,10.43
12/04/2022,07:46:36,-33.9323,18.8591,106.8,8.95
12/04/2022,07:46:37,-33.9323,18.85908,106.8,6.04
12/04/2022,07:46:39,-33.9323,18.85907,106.7,0.07
12/04/2022,07:46:41,-33.9323,18.85908,106.8,0.06
12/04/2022,07:46:43,-33.9323,18.85908,106.8,0.02
12/04/2022,07:46:45,-33.9323,18.85908,106.8,0
12/04/2022,07:46:46,-33.9323,18.85908,106.8,0
12/04/2022,07:46:48,-33.9323,18.85908,106.8,0
12/04/2022,07:46:49,-33.9323,18.85908,106.8,0
12/04/2022,07:46:51,-33.9323,18.85908,106.8,0
12/04/2022,07:46:52,-33.9323,18.85908,106.8,0
12/04/2022,07:46:53,-33.9323,18.85908,106.8,0
12/04/2022,07:46:54,-33.9323,18.85908,106.8,0.02
12/04/2022,07:46:56,-33.9323,18.85908,106.8,0.02
12/04/2022,07:46:57,-33.9323,18.85908,106.8,0.04
12/04/2022,07:46:58,-33.9323,18.85908,106.8,0.04
12/04/2022,07:46:59,-33.9323,18.85908,106.8,0.02
12/04/2022,07:47:00,-33.9323,18.85908,106.8,0.02
12/04/2022,07:47:02,-33.9323,18.85908,106.8,0
12/04/2022,07:47:04,-33.9323,18.85908,106.8,0.19
12/04/2022,07:47:05,-33.9323,18.85908,106.8,0.15
12/04/2022,07:47:06,-33.9323,18.85908,106.8,0.3
12/04/2022,07:47:07,-33.9323,18.85908,106.8,0.5
12/04/2022,07:47:09,-33.9323,18.85908,106.8,0.43
12/04/2022,07:47:10,-33.93229,18.85908,106.8,0.06
12/04/2022,07:47:11,-33.93229,18.85908,106.8,0.15
12/04/2022,07:47:13,-33.93229,18.85908,106.8,0.41
12/04/2022,07:47:15,-33.9323,18.85908,106.8,0.3
12/04/2022,07:47:16,-33.9323,18.85909,106.8,0.26
12/04/2022,07:47:17,-33.9323,18.85909,106.8,0.46
12/04/2022,07:47:18,-33.9323,18.85909,106.8,0.56
12/04/2022,07:47:19,-33.93229,18.85909,106.8,0.28
12/04/2022,07:47:21,-33.93229,18.85909,106.8,0.07
12/04/2022,07:47:23,-33.93229,18.85909,106.8,0.41
12/04/2022,07:47:25,-33.9323,18.85909,106.8,1.3
12/04/2022,07:47:26,-33.9323,18.85908,106.8,4.65
12/04/2022,07:47:27,-33.93229,18.85906,106.7,7.33
12/04/2022,07:47:28,-33.9323,18.85902,106.6,11.39
12/04/2022,07:47:29,-33.9323,18.85898,106.5,12.93
12/04/2022,07:47:31,-33.93231,18.8589,106.3,10.48
12/04/2022,07:47:33,-33.93236,18.85886,106.7,12.45
12/04/2022,07:47:34,-33.93239,18.85886,106.8,13.09
12/04/2022,07:47:36,-33.93247,18.85886,107.1,15.04
12/04/2022,07:47:37,-33.93251,18.85888,107.1,15.78
12/04/2022,07:47:39,-33.93257,18.85892,107.5,12.87
12/04/2022,07:47:40,-33.9326,18.85894,107.7,11.3
12/04/2022,07:47:42,-33.93262,18.85894,107.8,0.13
12/04/2022,07:47:44,-33.93262,18.85895,107.8,0.19
12/04/2022,07:47:46,-33.93262,18.85895,107.8,0.06
12/04/2022,07:47:47,-33.93262,18.85895,107.8,0
12/04/2022,07:47:48,-33.93262,18.85895,107.8,0
12/04/2022,07:47:49,-33.93262,18.85895,107.8,0
12/04/2022,07:47:51,-33.93262,18.85895,107.8,0.06
12/04/2022,07:47:52,-33.93262,18.85895,107.8,0
12/04/2022,07:47:54,-33.93262,18.85895,107.8,0
12/04/2022,07:47:56,-33.93262,18.85895,107.8,0
12/04/2022,07:47:58,-33.93262,18.85895,107.8,0
12/04/2022,07:48:00,-33.93262,18.85895,107.8,0
12/04/2022,07:48:01,-33.93262,18.85895,107.8,0
12/04/2022,07:48:02,-33.93262,18.85895,107.8,0
12/04/2022,07:48:04,-33.93262,18.85895,107.8,0
